{
	"sources" : 
	[
		{
			"file" : "D:/Source/\u968f\u673a\u6240\u6709-V.Rainbomizer/\u590d\u523b/out/build/x64-Debug/_deps/lib_minhook-subbuild/CMakeFiles/lib_minhook-populate"
		},
		{
			"file" : "D:/Source/\u968f\u673a\u6240\u6709-V.Rainbomizer/\u590d\u523b/out/build/x64-Debug/_deps/lib_minhook-subbuild/CMakeFiles/24d6da2082be48b8adf45a5ad3da5b40/lib_minhook-populate.rule"
		},
		{
			"file" : "D:/Source/\u968f\u673a\u6240\u6709-V.Rainbomizer/\u590d\u523b/out/build/x64-Debug/_deps/lib_minhook-subbuild/CMakeFiles/5d86c7db67f1637cce77bcf8b0dda32b/lib_minhook-populate-complete.rule"
		},
		{
			"file" : "D:/Source/\u968f\u673a\u6240\u6709-V.Rainbomizer/\u590d\u523b/out/build/x64-Debug/_deps/lib_minhook-subbuild/CMakeFiles/f88e18efebb0b096895f2814223d63b8/lib_minhook-populate-build.rule"
		},
		{
			"file" : "D:/Source/\u968f\u673a\u6240\u6709-V.Rainbomizer/\u590d\u523b/out/build/x64-Debug/_deps/lib_minhook-subbuild/CMakeFiles/f88e18efebb0b096895f2814223d63b8/lib_minhook-populate-configure.rule"
		},
		{
			"file" : "D:/Source/\u968f\u673a\u6240\u6709-V.Rainbomizer/\u590d\u523b/out/build/x64-Debug/_deps/lib_minhook-subbuild/CMakeFiles/f88e18efebb0b096895f2814223d63b8/lib_minhook-populate-download.rule"
		},
		{
			"file" : "D:/Source/\u968f\u673a\u6240\u6709-V.Rainbomizer/\u590d\u523b/out/build/x64-Debug/_deps/lib_minhook-subbuild/CMakeFiles/f88e18efebb0b096895f2814223d63b8/lib_minhook-populate-install.rule"
		},
		{
			"file" : "D:/Source/\u968f\u673a\u6240\u6709-V.Rainbomizer/\u590d\u523b/out/build/x64-Debug/_deps/lib_minhook-subbuild/CMakeFiles/f88e18efebb0b096895f2814223d63b8/lib_minhook-populate-mkdir.rule"
		},
		{
			"file" : "D:/Source/\u968f\u673a\u6240\u6709-V.Rainbomizer/\u590d\u523b/out/build/x64-Debug/_deps/lib_minhook-subbuild/CMakeFiles/f88e18efebb0b096895f2814223d63b8/lib_minhook-populate-patch.rule"
		},
		{
			"file" : "D:/Source/\u968f\u673a\u6240\u6709-V.Rainbomizer/\u590d\u523b/out/build/x64-Debug/_deps/lib_minhook-subbuild/CMakeFiles/f88e18efebb0b096895f2814223d63b8/lib_minhook-populate-test.rule"
		},
		{
			"file" : "D:/Source/\u968f\u673a\u6240\u6709-V.Rainbomizer/\u590d\u523b/out/build/x64-Debug/_deps/lib_minhook-subbuild/CMakeFiles/f88e18efebb0b096895f2814223d63b8/lib_minhook-populate-update.rule"
		}
	],
	"target" : 
	{
		"labels" : 
		[
			"lib_minhook-populate"
		],
		"name" : "lib_minhook-populate"
	}
}